eid,imie,nazwisko
E0001,Tomasz,Szymański
E0002,Mikołaj,Adamczyk
E0003,Marcin,Kowalczyk
E0004,Małgorzata,Wieczorek
E0005,Marta,Malinowski
E0006,Ewa,Dudek
E0007,Paweł,Górski
E0008,Michał,Wójcik
E0009,Mikołaj,Malinowski
E0010,Hubert,Wojciechowski
E0011,Krzysztof,Malinowski
E0012,Piotr,Zając
E0013,Patrycja,Grabowski
E0014,Zuzanna,Piotrowski
E0015,Hubert,Nowak
E0016,Beata,Walczak
E0017,Karolina,Kowalski
E0018,Tomasz,Krawczyk
E0019,Bartosz,Wójcik
E0020,Paweł,Wróbel
E0021,Sylwia,Woźniak
E0022,Emilia,Baran
E0023,Joanna,Wieczorek
E0024,Sylwia,Mazur
E0025,Adrian,Kamiński
E0026,Natalia,Zając
E0027,Emilia,Majewski
E0028,Sylwia,Stępień
E0029,Łukasz,Nowak
E0030,Łukasz,Nowak
